{
  "biomes": [
    [
      {
        "type": "REGISTRY_NAME",
        "negate": false,
        "value": "ad_astra:venus_wastelands"
      }
    ],
    [
      {
        "type": "REGISTRY_NAME",
        "negate": false,
        "value": "byg:guiana_shield"
      }
    ],
    [
      {
        "type": "REGISTRY_NAME",
        "negate": false,
        "value": "byg:temperate_rainforest"
      }
    ],
    [
      {
        "type": "REGISTRY_NAME",
        "negate": false,
        "value": "byg:tropical_rainforest"
      }
    ],
    [
      {
        "type": "REGISTRY_NAME",
        "negate": false,
        "value": "byg:jacaranda_forest"
      }
    ]
  ]
}