{
  "biomes": [
    [
      {
        "type": "REGISTRY_NAME",
        "negate": false,
        "value": "ad_astra:martian_wastelands"
      }
    ],
    [
      {
        "type": "REGISTRY_NAME",
        "negate": false,
        "value": "byg:mojave_desert"
      }
    ],
    [
      {
        "type": "REGISTRY_NAME",
        "negate": false,
        "value": "byg:atacama_desert"
      }
    ],
    [
      {
        "type": "REGISTRY_NAME",
        "negate": false,
        "value": "byg:windswept_valley"
      }
    ]
  ]
}