{
  "biomes": [
    [
      {
        "type": "REGISTRY_NAME",
        "negate": false,
        "value": "ad_astra:infernal_venus_barrens"
      }
    ],
    [
      {
        "type": "REGISTRY_NAME",
        "negate": false,
        "value": "byg:crag_gardens"
      }
    ],
    [
      {
        "type": "REGISTRY_NAME",
        "negate": false,
        "value": "byg:cypress_swamplands"
      }
    ],
    [
      {
        "type": "REGISTRY_NAME",
        "negate": false,
        "value": "byg:bayou"
      }
    ]
  ]
}