{
  "__comment": [
    "Mobs will be able to equip items declared here",
    "The first number is the weight while the second number is the quality",
    "Weight is the weight of an item. Higher weight means that the item is more likely to get choosen",
    "Quality is a modifier applied to the weight. The final weight used is weight + quality * current difficulty"
  ],
  "MAINHAND": {
    "ae2:certus_quartz_axe": [
      28041,
      0.51635593
    ],
    "ae2:certus_quartz_sword": [
      28128,
      0.049
    ],
    "ae2:fluix_axe": [
      27177,
      1.6502495
    ],
    "ae2:fluix_sword": [
      27269,
      1.531011
    ],
    "ae2:nether_quartz_axe": [
      28041,
      0.51635593
    ],
    "ae2:nether_quartz_sword": [
      28128,
      0.049
    ],
    "alexscaves:desolate_dagger": [
      25938,
      4.753436
    ],
    "alexscaves:dreadbow": [
      27724,
      4.753436
    ],
    "alexscaves_torpedoes:azure_axe": [
      26766,
      2.1880474
    ],
    "alexscaves_torpedoes:azure_sword": [
      26841,
      2.0892968
    ],
    "alexscaves_torpedoes:scarlet_axe": [
      26766,
      2.1880474
    ],
    "alexscaves_torpedoes:scarlet_sword": [
      26841,
      2.0892968
    ],
    "alexsmobs:skelewag_sword": [
      27852,
      0.7804518
    ],
    "alexsmobs:tendon_whip": [
      28149,
      0.0469
    ],
    "butchercraft:bone_saw": [
      28166,
      0.045199998
    ],
    "butchercraft:butcher_knife": [
      28166,
      0.045199998
    ],
    "butchercraft:gut_knife": [
      28166,
      0.045199998
    ],
    "butchercraft:skinning_knife": [
      28166,
      0.045199998
    ],
    "create_sa:blazing_axe": [
      27718,
      0.95369714
    ],
    "create_sa:blazing_cleaver": [
      27776,
      0.8790464
    ],
    "create_sa:brass_axe": [
      27701,
      0.9755281
    ],
    "create_sa:brass_sword": [
      27809,
      0.8363856
    ],
    "create_sa:copper_axe": [
      28306,
      0.031199997
    ],
    "create_sa:copper_sword": [
      28369,
      0.024899999
    ],
    "create_sa:experience_axe": [
      28069,
      0.46648473
    ],
    "create_sa:experience_sword": [
      28105,
      0.36782715
    ],
    "create_sa:rose_quartz_axe": [
      25672,
      5.322494
    ],
    "create_sa:rose_quartz_sword": [
      25705,
      5.2525306
    ],
    "create_sa:zinc_axe": [
      28041,
      0.51635593
    ],
    "create_sa:zinc_sword": [
      28166,
      0.045199998
    ],
    "dreadsteel:dreadsteel_scythe": [
      0,
      0.011899999
    ],
    "iceandfire:amphithere_macuahuitl": [
      17724,
      20.945988
    ],
    "iceandfire:copper_axe": [
      28043,
      20.513052
    ],
    "iceandfire:copper_sword": [
      28081,
      0.44120392
    ],
    "iceandfire:dragonbone_axe": [
      10607,
      10.459938
    ],
    "iceandfire:dragonbone_bow": [
      10650,
      10.369064
    ],
    "iceandfire:dragonbone_sword": [
      10677,
      10.311902
    ],
    "iceandfire:dragonbone_sword_fire": [
      8048,
      11.630718
    ],
    "iceandfire:dragonbone_sword_ice": [
      10048,
      11.630718
    ],
    "iceandfire:dragonbone_sword_lightning": [
      10048,
      11.630718
    ],
    "iceandfire:dragonsteel_fire_axe": [
      0,
      0.0
    ],
    "iceandfire:dragonsteel_fire_sword": [
      0,
      0.0
    ],
    "iceandfire:dragonsteel_ice_axe": [
      0,
      0.0
    ],
    "iceandfire:dragonsteel_ice_sword": [
      0,
      0.0
    ],
    "iceandfire:dragonsteel_lightning_axe": [
      0,
      0.0
    ],
    "iceandfire:dragonsteel_lightning_sword": [
      0,
      0.0
    ],
    "iceandfire:dread_knight_sword": [
      0,
      0.0
    ],
    "iceandfire:dread_queen_sword": [
      0,
      0.0
    ],
    "iceandfire:dread_sword": [
      28404,
      0.021399999
    ],
    "iceandfire:ghost_sword": [
      10288,
      10.300405
    ],
    "iceandfire:hippocampus_slapper": [
      7763,
      12.895808
    ],
    "iceandfire:hippogryph_sword": [
      7691,
      12.988363
    ],
    "iceandfire:myrmex_desert_axe": [
      27508,
      1.2230678
    ],
    "iceandfire:myrmex_desert_sword": [
      27554,
      1.1640399
    ],
    "iceandfire:myrmex_desert_sword_venom": [
      27554,
      1.1640399
    ],
    "iceandfire:myrmex_jungle_axe": [
      27508,
      1.2230678
    ],
    "iceandfire:myrmex_jungle_sword": [
      27554,
      1.1640399
    ],
    "iceandfire:myrmex_jungle_sword_venom": [
      27554,
      1.1640399
    ],
    "iceandfire:silver_axe": [
      27746,
      0.91769844
    ],
    "iceandfire:silver_sword": [
      27792,
      0.8583848
    ],
    "iceandfire:stymphalian_bird_dagger": [
      27703,
      0.9729605
    ],
    "iceandfire:troll_weapon_axe": [
      27794,
      0.8557993
    ],
    "iceandfire:troll_weapon_column": [
      7794,
      11.8558
    ],
    "iceandfire:troll_weapon_column_forest": [
      7794,
      11.8558
    ],
    "iceandfire:troll_weapon_column_frost": [
      7794,
      11.8558
    ],
    "iceandfire:troll_weapon_hammer": [
      7794,
      11.8558
    ],
    "iceandfire:troll_weapon_trunk": [
      7794,
      11.8558
    ],
    "iceandfire:troll_weapon_trunk_frost": [
      7794,
      11.8558
    ],
    "minecraft:bow": [
      26050,
      4.508568
    ],
    "minecraft:crossbow": [
      26344,
      3.826627
    ],
    "minecraft:diamond_axe": [
      25813,
      5.022479
    ],
    "minecraft:diamond_sword": [
      25875,
      4.889481
    ],
    "minecraft:enchanted_book": [
      27018,
      1.8573177
    ],
    "minecraft:golden_axe": [
      28474,
      0.014399999
    ],
    "minecraft:golden_sword": [
      28537,
      0.0081
    ],
    "minecraft:iron_axe": [
      28041,
      0.51635593
    ],
    "minecraft:iron_sword": [
      28128,
      0.049
    ],
    "minecraft:lingering_potion{Potion:\"minecraft:harming\"}": [
      27118,
      1.7269388
    ],
    "minecraft:netherite_axe": [
      24977,
      6.778693
    ],
    "minecraft:netherite_sword": [
      25047,
      6.632802
    ],
    "minecraft:snowball": [
      28068,
      0.46844563
    ],
    "minecraft:splash_potion{Potion:\"minecraft:harming\"}": [
      27118,
      1.7269388
    ],
    "minecraft:stone_axe": [
      28244,
      0.0374
    ],
    "minecraft:stone_sword": [
      28352,
      0.026599998
    ],
    "minecraft:tnt": [
      0,
      0.0
    ],
    "minecraft:trident": [
      26118,
      4.357304
    ],
    "minecraft:wooden_axe": [
      28428,
      0.019
    ],
    "minecraft:wooden_sword": [
      28491,
      0.0127
    ],
    "refurbished_furniture:knife": [
      28118,
      0.049999997
    ],
    "refurbished_furniture:spatula": [
      28156,
      0.046199996
    ]
  },
  "OFFHAND": {
    "alexscaves:resistor_shield": [
      0,
      6.9045377
    ],
    "dreadsteel:dreadsteel_shield": [
      0,
      6.759497
    ],
    "minecraft:ender_pearl": [
      0,
      0.0
    ],
    "minecraft:flint_and_steel": [
      0,
      0.0
    ],
    "minecraft:lava_bucket": [
      0,
      0.0
    ],
    "minecraft:shield": [
      2000,
      2.6255896
    ],
    "the_bumblezone:honey_crystal_shield": [
      1000,
      3.8635538
    ]
  },
  "FEET": {
    "ad_astra:jet_suit_boots": [
      2691,
      5.086568
    ],
    "ad_astra:netherite_space_boots": [
      3524,
      2.3839326
    ],
    "ad_astra:space_boots": [
      4337,
      1.3245949
    ],
    "alexscaves:diving_boots": [
      4498,
      1.1178746
    ],
    "alexscaves:gingerbread_boots": [
      4752,
      0.79089624
    ],
    "alexscaves:hazmat_boots": [
      4699,
      0.85967726
    ],
    "alexscaves:rainbounce_boots": [
      5139,
      0.0387
    ],
    "alexscaves_torpedoes:ferrousslime_boots": [
      4511,
      1.1012076
    ],
    "alexscaves_torpedoes:tectonic_boots": [
      31,
      10.645845
    ],
    "alexsmobs:flying_fish_boots": [
      0,
      0.0
    ],
    "alexsmobs:roadrunner_boots": [
      0,
      0.0
    ],
    "butchercraft:boots": [
      0,
      0.0
    ],
    "create:copper_diving_boots": [
      4952,
      0.5113901
    ],
    "create:netherite_diving_boots": [
      2891,
      5.9030676
    ],
    "create_sa:brass_boots": [
      4220,
      1.4754212
    ],
    "create_sa:copper_boots": [
      4592,
      0.9973453
    ],
    "create_sa:slime_boots": [
      4546,
      1.0563377
    ],
    "create_sa:zinc_boots": [
      4441,
      1.1909808
    ],
    "dreadsteel:dreadsteel_boots": [
      735,
      12.857092
    ],
    "iceandfire:armor_amythest_boots": [
      1300,
      10.510578
    ],
    "iceandfire:armor_black_boots": [
      1300,
      10.510578
    ],
    "iceandfire:armor_blue_boots": [
      1300,
      10.510578
    ],
    "iceandfire:armor_bronze_boots": [
      1300,
      10.510578
    ],
    "iceandfire:armor_copper_boots": [
      1300,
      10.510578
    ],
    "iceandfire:armor_copper_metal_boots": [
      5036,
      0.049
    ],
    "iceandfire:armor_electric_boots": [
      1300,
      10.510578
    ],
    "iceandfire:armor_gray_boots": [
      1300,
      10.510578
    ],
    "iceandfire:armor_green_boots": [
      1300,
      10.510578
    ],
    "iceandfire:armor_red_boots": [
      1300,
      10.510578
    ],
    "iceandfire:armor_sapphire_boots": [
      1300,
      10.510578
    ],
    "iceandfire:armor_silver_boots": [
      1300,
      10.510578
    ],
    "iceandfire:armor_silver_metal_boots": [
      4745,
      0.80001926
    ],
    "iceandfire:armor_white_boots": [
      1300,
      10.510578
    ],
    "iceandfire:deathworm_red_boots": [
      4239,
      1.4508864
    ],
    "iceandfire:deathworm_white_boots": [
      4239,
      1.4508864
    ],
    "iceandfire:deathworm_yellow_boots": [
      4239,
      1.4508864
    ],
    "iceandfire:dragonsteel_fire_boots": [
      1490,
      9.601141
    ],
    "iceandfire:dragonsteel_ice_boots": [
      1490,
      9.601141
    ],
    "iceandfire:dragonsteel_lightning_boots": [
      1490,
      9.601141
    ],
    "iceandfire:forest_troll_leather_boots": [
      4180,
      1.5271299
    ],
    "iceandfire:frost_troll_leather_boots": [
      4180,
      1.5271299
    ],
    "iceandfire:mountain_troll_leather_boots": [
      4180,
      1.5271299
    ],
    "iceandfire:myrmex_desert_boots": [
      3711,
      2.1392972
    ],
    "iceandfire:myrmex_jungle_boots": [
      3711,
      2.1392972
    ],
    "iceandfire:sheep_boots": [
      5220,
      0.030599998
    ],
    "iceandfire:tide_blue_boots": [
      2068,
      8.262535
    ],
    "iceandfire:tide_bronze_boots": [
      2068,
      8.262535
    ],
    "iceandfire:tide_deepblue_boots": [
      2068,
      8.262535
    ],
    "iceandfire:tide_green_boots": [
      2068,
      8.262535
    ],
    "iceandfire:tide_purple_boots": [
      2068,
      8.262535
    ],
    "iceandfire:tide_red_boots": [
      2068,
      8.262535
    ],
    "iceandfire:tide_teal_boots": [
      2068,
      8.262535
    ],
    "minecraft:chainmail_boots": [
      4934,
      0.540316
    ],
    "minecraft:diamond_boots": [
      3018,
      5.737351
    ],
    "minecraft:golden_boots": [
      5000,
      0.4136078
    ],
    "minecraft:iron_boots": [
      4686,
      0.8764657
    ],
    "minecraft:leather_boots": [
      5282,
      0.0244
    ],
    "minecraft:netherite_boots": [
      2391,
      7.9030676
    ],
    "protection_pixel:socks_boots": [
      4560,
      1.0383878
    ],
    "the_bumblezone:carpenter_bee_boots_1": [
      4971,
      0.4779939
    ],
    "the_bumblezone:carpenter_bee_boots_2": [
      4971,
      0.4779939
    ],
    "vinery:winemaker_boots": [
      0,
      0.0
    ]
  },
  "LEGS": {
    "ad_astra:jet_suit_pants": [
      1624,
      9.199434
    ],
    "ad_astra:netherite_space_pants": [
      2450,
      7.1634674
    ],
    "ad_astra:space_pants": [
      4266,
      1.397999
    ],
    "alexscaves:diving_leggings": [
      4456,
      1.1537791
    ],
    "alexscaves:gingerbread_leggings": [
      4725,
      0.8078281
    ],
    "alexscaves:hazmat_leggings": [
      4657,
      0.89580816
    ],
    "alexscaves:primordial_pants": [
      4747,
      0.7791448
    ],
    "alexscaves_torpedoes:tectonic_leggings": [
      17,
      10.645845
    ],
    "alexsmobs:centipede_leggings": [
      0,
      0.0
    ],
    "alexsmobs:emu_leggings": [
      0,
      0.0
    ],
    "butchercraft:apron": [
      0,
      0.0
    ],
    "butchercraft:black_bunny_tail": [
      0,
      0.0
    ],
    "butchercraft:brown_bunny_tail": [
      0,
      0.0
    ],
    "butchercraft:gold_bunny_tail": [
      0,
      0.0
    ],
    "butchercraft:salt_bunny_tail": [
      0,
      0.0
    ],
    "butchercraft:splotched_bunny_tail": [
      0,
      0.0
    ],
    "butchercraft:white_bunny_tail": [
      0,
      0.0
    ],
    "create_sa:brass_leggings": [
      4206,
      1.4754212
    ],
    "create_sa:copper_leggings": [
      4578,
      0.9973453
    ],
    "create_sa:zinc_leggings": [
      4427,
      1.1909808
    ],
    "dreadsteel:dreadsteel_leggings": [
      735,
      12.857092
    ],
    "iceandfire:armor_amythest_leggings": [
      1300,
      10.510578
    ],
    "iceandfire:armor_black_leggings": [
      1300,
      10.510578
    ],
    "iceandfire:armor_blue_leggings": [
      1300,
      10.510578
    ],
    "iceandfire:armor_bronze_leggings": [
      1300,
      10.510578
    ],
    "iceandfire:armor_copper_leggings": [
      1300,
      10.510578
    ],
    "iceandfire:armor_copper_metal_leggings": [
      5022,
      0.049
    ],
    "iceandfire:armor_electric_leggings": [
      1300,
      10.510578
    ],
    "iceandfire:armor_gray_leggings": [
      1300,
      10.510578
    ],
    "iceandfire:armor_green_leggings": [
      1300,
      10.510578
    ],
    "iceandfire:armor_red_leggings": [
      1300,
      10.510578
    ],
    "iceandfire:armor_sapphire_leggings": [
      1300,
      10.510578
    ],
    "iceandfire:armor_silver_leggings": [
      1300,
      10.510578
    ],
    "iceandfire:armor_silver_metal_leggings": [
      4731,
      0.80001926
    ],
    "iceandfire:armor_white_leggings": [
      1300,
      10.510578
    ],
    "iceandfire:deathworm_red_leggings": [
      4225,
      1.4508864
    ],
    "iceandfire:deathworm_white_leggings": [
      4225,
      1.4508864
    ],
    "iceandfire:deathworm_yellow_leggings": [
      4225,
      1.4508864
    ],
    "iceandfire:dragonsteel_fire_leggings": [
      976,
      9.601141
    ],
    "iceandfire:dragonsteel_ice_leggings": [
      976,
      9.601141
    ],
    "iceandfire:dragonsteel_lightning_leggings": [
      976,
      9.601141
    ],
    "iceandfire:forest_troll_leather_leggings": [
      4166,
      1.5271299
    ],
    "iceandfire:frost_troll_leather_leggings": [
      4166,
      1.5271299
    ],
    "iceandfire:mountain_troll_leather_leggings": [
      4166,
      1.5271299
    ],
    "iceandfire:myrmex_desert_leggings": [
      3697,
      2.1392972
    ],
    "iceandfire:myrmex_jungle_leggings": [
      3697,
      2.1392972
    ],
    "iceandfire:sheep_leggings": [
      5206,
      0.030599998
    ],
    "iceandfire:tide_blue_leggings": [
      2054,
      8.262535
    ],
    "iceandfire:tide_bronze_leggings": [
      2054,
      8.262535
    ],
    "iceandfire:tide_deepblue_leggings": [
      2054,
      8.262535
    ],
    "iceandfire:tide_green_leggings": [
      2054,
      8.262535
    ],
    "iceandfire:tide_purple_leggings": [
      2054,
      8.262535
    ],
    "iceandfire:tide_red_leggings": [
      2054,
      8.262535
    ],
    "iceandfire:tide_teal_leggings": [
      2054,
      8.262535
    ],
    "minecraft:chainmail_leggings": [
      4920,
      0.540316
    ],
    "minecraft:diamond_leggings": [
      3004,
      5.737351
    ],
    "minecraft:golden_leggings": [
      4986,
      0.4136078
    ],
    "minecraft:iron_leggings": [
      4672,
      0.8764657
    ],
    "minecraft:leather_leggings": [
      5268,
      0.0244
    ],
    "minecraft:netherite_leggings": [
      2877,
      5.9030676
    ],
    "protection_pixel:anchorpoint_leggings": [
      4545,
      1.03967
    ],
    "protection_pixel:anchorpointas_leggings": [
      4325,
      1.3220218
    ],
    "protection_pixel:buoyancy_leggings": [
      4738,
      0.79089624
    ],
    "protection_pixel:buoyancyas_leggings": [
      4588,
      0.98451304
    ],
    "protection_pixel:slingshot_leggings": [
      4738,
      0.79089624
    ],
    "protection_pixel:slingshotas_leggings": [
      4588,
      0.98451304
    ],
    "the_bumblezone:honey_bee_leggings_1": [
      4957,
      0.4779939
    ],
    "the_bumblezone:honey_bee_leggings_2": [
      4957,
      0.4779939
    ],
    "vinery:winemaker_leggings": [
      0,
      0.0
    ]
  },
  "CHEST": {
    "ad_astra:jet_suit": [
      1675,
      9.120687
    ],
    "ad_astra:netherite_space_suit": [
      2500,
      6.9321704
    ],
    "ad_astra:space_suit": [
      4314,
      1.3541976
    ],
    "alexscaves:cloak_of_darkness": [
      4823,
      0.6972618
    ],
    "alexscaves:diving_chestplate": [
      4486,
      1.1332608
    ],
    "alexscaves:gingerbread_chestplate": [
      4747,
      0.7974141
    ],
    "alexscaves:hazmat_chestplate": [
      4688,
      0.87388456
    ],
    "alexscaves:primordial_tunic": [
      4778,
      0.7568712
    ],
    "alexscaves_torpedoes:tectonic_chestplate": [
      31,
      10.645845
    ],
    "alexsmobs:crocodile_chestplate": [
      0,
      0.0
    ],
    "alexsmobs:rocky_chestplate": [
      0,
      0.0
    ],
    "alexsmobs:tarantula_hawk_elytra": [
      0,
      0.0
    ],
    "alexsmobs:unsettling_kimono": [
      0,
      0.0
    ],
    "butchercraft:gloves": [
      0,
      0.0
    ],
    "create:copper_backtank": [
      4952,
      0.5113901
    ],
    "create:netherite_backtank": [
      3891,
      5.9030676
    ],
    "create_jetpack:jetpack": [
      0,
      0.0
    ],
    "create_jetpack:netherite_jetpack": [
      0,
      0.0
    ],
    "create_sa:andesite_exoskeleton_chestplate": [
      3757,
      2.0787795
    ],
    "create_sa:andesite_jetpack_chestplate": [
      3881,
      1.9161502
    ],
    "create_sa:brass_chestplate": [
      4220,
      1.4754212
    ],
    "create_sa:brass_exoskeleton_chestplate": [
      3530,
      2.3783777
    ],
    "create_sa:brass_jetpack_chestplate": [
      3799,
      2.0236118
    ],
    "create_sa:copper_chestplate": [
      4592,
      0.9973453
    ],
    "create_sa:copper_exoskeleton_chestplate": [
      3881,
      1.9161502
    ],
    "create_sa:copper_jetpack_chestplate": [
      3881,
      1.9161502
    ],
    "create_sa:zinc_chestplate": [
      4441,
      1.1909808
    ],
    "dreadsteel:dreadsteel_chestplate": [
      735,
      12.857092
    ],
    "iceandfire:armor_amythest_chestplate": [
      1300,
      10.510578
    ],
    "iceandfire:armor_black_chestplate": [
      1300,
      10.510578
    ],
    "iceandfire:armor_blue_chestplate": [
      1300,
      10.510578
    ],
    "iceandfire:armor_bronze_chestplate": [
      1300,
      10.510578
    ],
    "iceandfire:armor_copper_chestplate": [
      1300,
      10.510578
    ],
    "iceandfire:armor_copper_metal_chestplate": [
      5036,
      0.049
    ],
    "iceandfire:armor_electric_chestplate": [
      1300,
      10.510578
    ],
    "iceandfire:armor_gray_chestplate": [
      1300,
      10.510578
    ],
    "iceandfire:armor_green_chestplate": [
      1300,
      10.510578
    ],
    "iceandfire:armor_red_chestplate": [
      1300,
      10.510578
    ],
    "iceandfire:armor_sapphire_chestplate": [
      1300,
      10.510578
    ],
    "iceandfire:armor_silver_chestplate": [
      1300,
      10.510578
    ],
    "iceandfire:armor_silver_metal_chestplate": [
      4745,
      0.80001926
    ],
    "iceandfire:armor_white_chestplate": [
      1300,
      10.510578
    ],
    "iceandfire:deathworm_red_chestplate": [
      4239,
      1.4508864
    ],
    "iceandfire:deathworm_white_chestplate": [
      4239,
      1.4508864
    ],
    "iceandfire:deathworm_yellow_chestplate": [
      4239,
      1.4508864
    ],
    "iceandfire:dragonsteel_fire_chestplate": [
      1490,
      9.601141
    ],
    "iceandfire:dragonsteel_ice_chestplate": [
      1490,
      9.601141
    ],
    "iceandfire:dragonsteel_lightning_chestplate": [
      1490,
      9.601141
    ],
    "iceandfire:forest_troll_leather_chestplate": [
      4180,
      1.5271299
    ],
    "iceandfire:frost_troll_leather_chestplate": [
      4180,
      1.5271299
    ],
    "iceandfire:mountain_troll_leather_chestplate": [
      4180,
      1.5271299
    ],
    "iceandfire:myrmex_desert_chestplate": [
      3711,
      2.1392972
    ],
    "iceandfire:myrmex_jungle_chestplate": [
      3711,
      2.1392972
    ],
    "iceandfire:sheep_chestplate": [
      5220,
      0.030599998
    ],
    "iceandfire:tide_blue_chestplate": [
      2068,
      8.262535
    ],
    "iceandfire:tide_bronze_chestplate": [
      2068,
      8.262535
    ],
    "iceandfire:tide_deepblue_chestplate": [
      2068,
      8.262535
    ],
    "iceandfire:tide_green_chestplate": [
      2068,
      8.262535
    ],
    "iceandfire:tide_purple_chestplate": [
      2068,
      8.262535
    ],
    "iceandfire:tide_red_chestplate": [
      2068,
      8.262535
    ],
    "iceandfire:tide_teal_chestplate": [
      2068,
      8.262535
    ],
    "minecraft:chainmail_chestplate": [
      4934,
      0.540316
    ],
    "minecraft:diamond_chestplate": [
      3018,
      5.737351
    ],
    "minecraft:golden_chestplate": [
      5000,
      0.4136078
    ],
    "minecraft:iron_chestplate": [
      4686,
      0.8764657
    ],
    "minecraft:leather_chestplate": [
      5282,
      0.0244
    ],
    "minecraft:netherite_chestplate": [
      2891,
      5.9030676
    ],
    "protection_pixel:breaker_chestplate": [
      4836,
      0.67980134
    ],
    "protection_pixel:breakeras_chestplate": [
      4699,
      0.85967726
    ],
    "protection_pixel:floatshield_chestplate": [
      4699,
      0.85967726
    ],
    "protection_pixel:hellsnake_chestplate": [
      4836,
      0.67980134
    ],
    "protection_pixel:hellsnakeas_chestplate": [
      4699,
      0.85967726
    ],
    "protection_pixel:magneticstorm_chestplate": [
      4836,
      0.67980134
    ],
    "protection_pixel:magneticstormas_chestplate": [
      4699,
      0.85967726
    ],
    "protection_pixel:pioneer_chestplate": [
      4836,
      0.67980134
    ],
    "protection_pixel:pioneeras_chestplate": [
      4699,
      0.85967726
    ],
    "protection_pixel:wingsofprism_chestplate": [
      4836,
      0.67980134
    ],
    "protection_pixel:wingsofprismas_chestplate": [
      4699,
      0.85967726
    ],
    "protection_pixel:workerhornet_chestplate": [
      4836,
      0.67980134
    ],
    "protection_pixel:workerhornetas_chestplate": [
      4699,
      0.85967726
    ],
    "quark:backpack": [
      0,
      0.0
    ],
    "the_bumblezone:bumble_bee_chestplate_1": [
      4971,
      0.4779939
    ],
    "the_bumblezone:bumble_bee_chestplate_2": [
      4971,
      0.4779939
    ],
    "the_bumblezone:bumble_bee_chestplate_trans_1": [
      4971,
      0.4779939
    ],
    "the_bumblezone:bumble_bee_chestplate_trans_2": [
      4971,
      0.4779939
    ],
    "vinery:winemaker_apron": [
      0,
      0.0
    ]
  },
  "HEAD": {
    "ad_astra:jet_suit_helmet": [
      1579,
      9.294949
    ],
    "ad_astra:netherite_space_helmet": [
      2419,
      7.295891
    ],
    "ad_astra:space_helmet": [
      4236,
      1.4366896
    ],
    "alexscaves:diving_helmet": [
      4441,
      1.173019
    ],
    "alexscaves:gingerbread_helmet": [
      4718,
      0.8169267
    ],
    "alexscaves:hazmat_mask": [
      4643,
      0.91383743
    ],
    "alexscaves:hood_of_darkness": [
      4785,
      0.7291897
    ],
    "alexscaves:primordial_helmet": [
      4733,
      0.7974141
    ],
    "alexscaves_torpedoes:magnetic_helmet": [
      4364,
      1.2718761
    ],
    "alexscaves_torpedoes:tectonic_helmet": [
      17,
      10.645845
    ],
    "alexsmobs:fedora": [
      0,
      0.0
    ],
    "alexsmobs:frontier_cap": [
      0,
      0.0
    ],
    "alexsmobs:froststalker_helmet": [
      0,
      0.0
    ],
    "alexsmobs:moose_headgear": [
      0,
      0.0
    ],
    "alexsmobs:novelty_hat": [
      0,
      0.0
    ],
    "alexsmobs:sombrero": [
      0,
      0.0
    ],
    "alexsmobs:spiked_turtle_shell": [
      0,
      0.0
    ],
    "butchercraft:black_bunny_ears": [
      0,
      0.0
    ],
    "butchercraft:brown_bunny_ears": [
      0,
      0.0
    ],
    "butchercraft:chicken_mask": [
      0,
      0.0
    ],
    "butchercraft:cow_hood": [
      0,
      0.0
    ],
    "butchercraft:goat_hood": [
      0,
      0.0
    ],
    "butchercraft:gold_bunny_ears": [
      0,
      0.0
    ],
    "butchercraft:mask": [
      0,
      0.0
    ],
    "butchercraft:paper_hat": [
      0,
      0.0
    ],
    "butchercraft:pig_hood": [
      0,
      0.0
    ],
    "butchercraft:salt_bunny_ears": [
      0,
      0.0
    ],
    "butchercraft:sheep_hood": [
      0,
      0.0
    ],
    "butchercraft:splotched_bunny_ears": [
      0,
      0.0
    ],
    "butchercraft:white_bunny_ears": [
      0,
      0.0
    ],
    "create:copper_diving_helmet": [
      4938,
      0.5113901
    ],
    "create:netherite_diving_helmet": [
      2877,
      5.9030676
    ],
    "create_sa:brass_helmet": [
      4206,
      1.4754212
    ],
    "create_sa:copper_helmet": [
      4578,
      0.9973453
    ],
    "create_sa:slime_helmet": [
      4532,
      1.0563377
    ],
    "create_sa:zinc_helmet": [
      4427,
      1.1909808
    ],
    "dreadsteel:dreadsteel_helmet": [
      735,
      12.857092
    ],
    "iceandfire:armor_amythest_helmet": [
      1300,
      10.510578
    ],
    "iceandfire:armor_black_helmet": [
      1300,
      10.510578
    ],
    "iceandfire:armor_blue_helmet": [
      1300,
      10.510578
    ],
    "iceandfire:armor_bronze_helmet": [
      1300,
      10.510578
    ],
    "iceandfire:armor_copper_helmet": [
      1300,
      10.510578
    ],
    "iceandfire:armor_copper_metal_helmet": [
      5022,
      0.049
    ],
    "iceandfire:armor_electric_helmet": [
      1300,
      10.510578
    ],
    "iceandfire:armor_gray_helmet": [
      1300,
      10.510578
    ],
    "iceandfire:armor_green_helmet": [
      1300,
      10.510578
    ],
    "iceandfire:armor_red_helmet": [
      1300,
      10.510578
    ],
    "iceandfire:armor_sapphire_helmet": [
      1300,
      10.510578
    ],
    "iceandfire:armor_silver_helmet": [
      1300,
      10.510578
    ],
    "iceandfire:armor_silver_metal_helmet": [
      4731,
      0.80001926
    ],
    "iceandfire:armor_white_helmet": [
      1300,
      10.510578
    ],
    "iceandfire:blindfold": [
      5363,
      0.0149
    ],
    "iceandfire:deathworm_red_helmet": [
      4225,
      1.4508864
    ],
    "iceandfire:deathworm_white_helmet": [
      4225,
      1.4508864
    ],
    "iceandfire:deathworm_yellow_helmet": [
      4225,
      1.4508864
    ],
    "iceandfire:dragonsteel_fire_helmet": [
      976,
      9.601141
    ],
    "iceandfire:dragonsteel_ice_helmet": [
      976,
      9.601141
    ],
    "iceandfire:dragonsteel_lightning_helmet": [
      976,
      9.601141
    ],
    "iceandfire:earplugs": [
      0,
      0.0
    ],
    "iceandfire:forest_troll_leather_helmet": [
      4166,
      1.5271299
    ],
    "iceandfire:frost_troll_leather_helmet": [
      4166,
      1.5271299
    ],
    "iceandfire:mountain_troll_leather_helmet": [
      4166,
      1.5271299
    ],
    "iceandfire:myrmex_desert_helmet": [
      3697,
      2.1392972
    ],
    "iceandfire:myrmex_jungle_helmet": [
      3697,
      2.1392972
    ],
    "iceandfire:sheep_helmet": [
      5206,
      0.030599998
    ],
    "iceandfire:tide_blue_helmet": [
      2054,
      8.262535
    ],
    "iceandfire:tide_bronze_helmet": [
      2054,
      8.262535
    ],
    "iceandfire:tide_deepblue_helmet": [
      2054,
      8.262535
    ],
    "iceandfire:tide_green_helmet": [
      2054,
      8.262535
    ],
    "iceandfire:tide_purple_helmet": [
      2054,
      8.262535
    ],
    "iceandfire:tide_red_helmet": [
      2054,
      8.262535
    ],
    "iceandfire:tide_teal_helmet": [
      2054,
      8.262535
    ],
    "minecraft:chainmail_helmet": [
      4920,
      0.540316
    ],
    "minecraft:diamond_helmet": [
      3004,
      5.737351
    ],
    "minecraft:golden_helmet": [
      4986,
      0.4136078
    ],
    "minecraft:iron_helmet": [
      4672,
      0.8764657
    ],
    "minecraft:leather_helmet": [
      5268,
      0.0244
    ],
    "minecraft:netherite_helmet": [
      2877,
      5.9030676
    ],
    "minecraft:shulker_shell": [
      5431,
      0.0081
    ],
    "minecraft:turtle_helmet": [
      4616,
      0.948558
    ],
    "protection_pixel:bloodprisoner_helmet": [
      4438,
      1.1768677
    ],
    "protection_pixel:bloodprisoneras_helmet": [
      4248,
      1.4212085
    ],
    "protection_pixel:closed_helmet": [
      4438,
      1.1768677
    ],
    "protection_pixel:closedas_helmet": [
      4248,
      1.4212085
    ],
    "protection_pixel:hammer_helmet": [
      4322,
      1.3258815
    ],
    "protection_pixel:hammeras_helmet": [
      4118,
      1.589282
    ],
    "protection_pixel:hunter_helmet": [
      4438,
      1.1768677
    ],
    "protection_pixel:hunteras_helmet": [
      4248,
      1.4212085
    ],
    "protection_pixel:lancer_helmet": [
      4438,
      1.1768677
    ],
    "protection_pixel:lanceras_helmet": [
      4248,
      1.4212085
    ],
    "protection_pixel:plague_helmet": [
      4438,
      1.1768677
    ],
    "protection_pixel:plagueas_helmet": [
      4248,
      1.4212085
    ],
    "quark:forgotten_hat": [
      5268,
      0.0244
    ],
    "railways:black_conductor_cap": [
      0,
      0.0
    ],
    "railways:blue_conductor_cap": [
      0,
      0.0
    ],
    "railways:brown_conductor_cap": [
      0,
      0.0
    ],
    "railways:cyan_conductor_cap": [
      0,
      0.0
    ],
    "railways:gray_conductor_cap": [
      0,
      0.0
    ],
    "railways:green_conductor_cap": [
      0,
      0.0
    ],
    "railways:light_blue_conductor_cap": [
      0,
      0.0
    ],
    "railways:light_gray_conductor_cap": [
      0,
      0.0
    ],
    "railways:lime_conductor_cap": [
      0,
      0.0
    ],
    "railways:magenta_conductor_cap": [
      0,
      0.0
    ],
    "railways:orange_conductor_cap": [
      0,
      0.0
    ],
    "railways:pink_conductor_cap": [
      0,
      0.0
    ],
    "railways:purple_conductor_cap": [
      0,
      0.0
    ],
    "railways:red_conductor_cap": [
      0,
      0.0
    ],
    "railways:white_conductor_cap": [
      0,
      0.0
    ],
    "railways:yellow_conductor_cap": [
      0,
      0.0
    ],
    "the_bumblezone:flower_headwear": [
      0,
      0.0
    ],
    "the_bumblezone:stingless_bee_helmet_1": [
      4957,
      0.4779939
    ],
    "the_bumblezone:stingless_bee_helmet_2": [
      4957,
      0.4779939
    ],
    "vinery:straw_hat": [
      0,
      0.0
    ]
  }
}